,Bioindicator,Coliform,Bioindicator UV+,total,rain,rooms
Bioindicator,0.00000,0.00030,0.00000,0.00002,0.36375,0.00595
Coliform,0.00030,0.00000,0.11218,0.00000,0.68803,0.04224
Bioindicator UV+,0.00000,0.11218,0.00000,0.00303,0.45404,0.28311
total,0.00002,0.00000,0.00303,0.00000,0.53174,0.05942
rain,0.36375,0.68803,0.45404,0.53174,0.00000,0.00051
rooms,0.00595,0.04224,0.28311,0.05942,0.00051,0.00000
